{
  "v1": {
    "days": 163,
    "total": -0.46665272634874366,
    "annualized": -0.6215972941893151,
    "max_dd": -0.46176257251964814,
    "sharpe": -4.70129103059505
  },
  "v2": {
    "days": 163,
    "total": 0.29741132986700847,
    "annualized": 0.49561389138030276,
    "max_dd": -0.08843129763734647,
    "sharpe": 2.0765337514943303
  }
}